Name,Latitude,Longitude,Average Temperature (F),Max Temperature (F),Humidity,Cloudiness,Wind Speed,Country,Date
Mykhaylivka,47.27,35.22,60.93,61.0,87,90,11.18,UA,1594702362
Newport,51.59,-3.0,58.33,61.0,97,78,4.85,GB,1594702360
Guaymas,27.93,-110.9,87.33,88.0,57,18,7.0,MX,1594702364
Laas,46.62,10.7,45.54,54.0,100,90,3.36,IT,1594702364
Gisborne,-38.65,178.0,53.01,53.01,83,100,1.99,NZ,1594702347
Kapaa,22.08,-159.32,75.22,78.8,78,90,16.11,US,1594702365
Vardø,70.37,31.11,46.4,46.4,87,75,9.17,NO,1594702366
Xiongzhou,25.12,114.3,99.5,99.5,38,38,2.91,CN,1594702366
Kisangani,0.52,25.2,71.67,71.67,94,100,2.13,CD,1594702238
New Norfolk,-42.78,147.06,48.6,51.01,78,10,1.99,AU,1594702367
Cherskiy,68.75,161.3,64.51,64.51,40,91,13.2,RU,1594702367
Punta Arenas,-53.15,-70.92,33.39,33.8,89,99,6.38,CL,1594702367
Rikitea,-23.12,-134.97,72.91,72.91,84,100,15.84,PF,1594702368
Bengkulu,-3.8,102.27,85.57,85.57,64,100,5.5,ID,1594702368
Isla Mujeres,21.23,-86.73,82.0,84.0,78,5,5.82,MX,1594702369
Kruisfontein,-34.0,24.73,46.62,46.62,82,93,24.0,ZA,1594702369
Fairbanks,64.84,-147.72,63.46,66.2,59,90,5.82,US,1594702252
Vaini,-21.2,-175.2,73.4,73.4,69,75,10.29,TO,1594702370
Sioux Lookout,50.1,-91.92,62.6,62.6,88,90,12.75,CA,1594702370
Ponta do Sol,32.67,-17.1,64.44,68.0,82,20,6.93,PT,1594702371
Kununurra,-15.77,128.73,77.0,77.0,15,0,9.17,AU,1594702371
Dikson,73.51,80.55,39.04,39.04,97,100,15.08,RU,1594702371
Busselton,-33.65,115.33,56.8,59.0,51,51,18.45,AU,1594701784
Soure,-0.72,-48.52,79.03,79.03,82,26,8.81,BR,1594702372
Arraial do Cabo,-22.97,-42.03,72.77,72.77,70,8,5.7,BR,1594702373
Ushuaia,-54.8,-68.3,32.0,32.0,91,40,13.87,AR,1594702373
Los Llanos de Aridane,28.66,-17.92,69.8,69.8,77,75,14.99,ES,1594702373
Chokurdakh,70.63,147.92,67.46,67.46,30,54,15.79,RU,1594702374
Lüderitz,-26.65,15.16,55.4,55.4,58,0,17.22,NA,1594702374
Raudeberg,61.99,5.14,52.84,53.6,93,75,9.17,NO,1594702374
Nome,64.5,-165.41,55.17,59.0,66,1,18.34,US,1594702375
Yellowknife,62.46,-114.35,56.82,57.2,100,90,20.8,CA,1594702375
Saint-Philippe,-21.36,55.77,69.4,73.4,60,66,4.7,RE,1594702376
Bluff,-46.6,168.33,48.24,48.24,75,88,10.83,NZ,1594701784
Dingle,11.0,122.67,89.67,89.67,61,39,2.64,PH,1594702376
Norman Wells,65.28,-126.83,66.2,66.2,59,75,5.82,CA,1594702377
North Bend,43.41,-124.22,58.17,60.01,87,1,21.92,US,1594702377
Port Alfred,-33.59,26.89,54.09,54.09,52,35,31.72,ZA,1594702378
Qaanaaq,77.48,-69.36,40.62,40.62,73,6,2.57,GL,1594702378
Albany,42.6,-73.97,70.66,71.01,85,26,6.73,US,1594702242
Khani,41.96,42.96,71.6,71.6,88,75,3.36,GE,1594702379
Nacala,-14.54,40.67,67.93,67.93,82,58,8.61,MZ,1594702379
Nizhniy Bestyakh,61.96,129.91,80.6,80.6,32,9,15.66,RU,1594702380
Jamestown,42.1,-79.24,60.73,62.6,82,1,4.7,US,1594702380
Cape Town,-33.93,18.42,50.61,52.0,66,75,8.05,ZA,1594702381
Tiksi,71.69,128.87,42.78,42.78,94,100,5.68,RU,1594702381
Hasaki,35.73,140.83,75.24,77.0,88,75,4.7,JP,1594702381
Iskateley,67.68,53.15,51.04,51.04,71,91,4.85,RU,1594702382
São Filipe,14.9,-24.5,77.09,77.09,86,42,0.51,CV,1594702382
Khatanga,71.97,102.5,73.69,73.69,40,87,8.77,RU,1594702382
Inhambane,-23.86,35.38,60.39,60.8,82,0,10.8,MZ,1594702383
Vanimo,-2.67,141.3,82.76,82.76,77,60,6.62,PG,1594702384
Rafsanjān,30.41,55.99,92.03,92.03,11,79,9.6,IR,1594702384
Severo-Kuril'sk,50.68,156.12,50.81,50.81,87,96,5.86,RU,1594702384
Klaksvík,62.23,-6.59,48.2,48.2,100,98,6.93,FO,1594702385
Swift Current,50.28,-107.8,53.6,53.6,71,75,10.29,CA,1594702386
Atuona,-9.8,-139.03,79.45,79.45,78,43,16.67,PF,1594702386
Burns Lake,54.23,-125.75,51.78,51.78,67,54,4.61,CA,1594702352
Muli,2.92,73.57,84.54,84.54,66,49,4.56,MV,1594702387
Balakhta,55.38,91.6,65.73,65.73,86,99,2.3,RU,1594702387
Walvis Bay,-22.96,14.51,47.53,51.01,93,0,8.05,NA,1594702387
Zhangjiakou Shi Xuanhua Qu,40.61,115.04,83.32,83.32,39,9,7.85,CN,1594702388
Saint-François,46.42,3.91,51.39,53.01,81,47,3.44,FR,1594702388
La Ronge,55.1,-105.28,57.2,57.2,76,75,10.29,CA,1594702389
Hong Kong,22.29,114.16,92.16,93.99,63,15,8.01,HK,1594702389
Coyhaique,-45.58,-72.07,33.8,33.8,80,79,4.7,CL,1594702389
Druzhba,52.04,33.95,56.53,56.53,89,100,12.84,UA,1594702390
Acapulco de Juárez,16.86,-99.89,80.47,80.47,75,4,2.84,MX,1594702371
Bambous Virieux,-20.34,57.76,70.83,73.99,94,40,4.7,MU,1594702391
Pimentel,-6.84,-79.93,61.74,61.74,91,42,11.36,PE,1594702247
Tevaitoa,-16.78,-151.5,80.01,80.01,78,64,10.36,PF,1594702392
Atar,20.52,-13.05,88.9,88.9,22,8,10.31,MR,1594702392
Pochutla,15.74,-96.47,75.22,75.22,87,1,3.36,MX,1594702393
Caravelas,-17.71,-39.25,68.86,68.86,92,40,3.69,BR,1594702393
Hilo,19.73,-155.09,70.16,80.6,61,75,4.7,US,1594702394
Darhan,49.49,105.92,81.86,81.86,46,88,3.83,MN,1594702394
Hermanus,-34.42,19.23,48.0,48.0,78,92,8.99,ZA,1594702395
Mataura,-46.19,168.86,44.58,44.58,88,92,3.47,NZ,1594702395
Rawson,-43.3,-65.1,36.52,36.52,77,0,13.6,AR,1594702395
Miandrivazo,-19.52,45.47,69.28,69.28,67,0,0.81,MG,1594702396
Barrow,71.29,-156.79,37.4,37.4,82,90,11.41,US,1594702201
Sur,22.57,59.53,90.37,90.37,54,0,12.37,OM,1594702397
Sinnamary,5.38,-52.95,77.32,77.32,85,19,6.15,GF,1594702397
Tasiilaq,65.61,-37.64,41.0,41.0,93,45,1.12,GL,1594702398
Puerto Ayora,-0.74,-90.35,66.99,66.99,92,17,3.0,EC,1594702399
Qui Nhon,13.77,109.23,88.25,88.25,61,68,12.84,VN,1594702399
Conceição do Araguaia,-8.26,-49.26,73.4,73.4,78,5,2.24,BR,1594702399
Avera,33.19,-82.53,75.97,78.8,88,40,4.7,US,1594702400
Hithadhoo,-0.6,73.08,84.72,84.72,67,100,4.94,MV,1594702400
Riyadh,24.69,46.72,95.0,95.0,16,30,6.93,SA,1594702339
Salalah,17.02,54.09,80.6,80.6,100,90,9.17,OM,1594702352
Berlevåg,70.86,29.09,46.4,46.4,75,75,6.93,NO,1594702401
Banjar,-8.19,114.97,82.4,82.4,88,40,18.34,ID,1594702402
Saint Paul Harbor,57.79,-152.41,57.2,57.2,71,90,8.05,US,1594702402
Rabak,13.18,32.74,79.93,79.93,65,7,13.53,SD,1594702403
Tura,25.52,90.22,83.8,83.8,82,90,6.96,IN,1594702403
Cooma,-36.23,149.13,44.6,44.6,100,75,24.16,AU,1594702404
Ust-Nera,64.57,143.2,81.48,81.48,30,30,14.74,RU,1594702404
Port Hedland,-20.32,118.57,84.2,84.2,40,0,11.41,AU,1594702404
Isetskoye,56.49,65.32,81.23,81.23,63,2,1.88,RU,1594702405
Ayagoz,47.97,80.44,71.94,71.94,49,9,17.87,KZ,1594702405
Kahului,20.89,-156.47,76.21,84.2,54,40,21.92,US,1594702406
Baghdad,33.34,44.4,89.6,89.6,31,0,4.7,IQ,1594702406
Tuatapere,-46.13,167.68,46.11,46.11,81,83,5.37,NZ,1594702204
Lavrentiya,65.58,-171.0,50.34,50.34,61,29,9.42,RU,1594702407
Pīshvā,35.31,51.73,81.09,82.4,41,20,13.87,IR,1594702408
Onega,63.91,38.14,53.46,53.46,94,100,3.06,RU,1594702408
Cap-aux-Meules,47.38,-61.86,61.88,61.88,91,82,14.63,CA,1594702408
Ust-Tsilma,65.44,52.15,61.25,61.25,57,97,3.56,RU,1594702409
Ondjiva,-17.07,15.73,44.73,44.73,43,0,4.63,AO,1594702409
Nikolskoye,59.7,30.79,59.4,61.0,77,0,8.95,RU,1594702410
Chui,-33.7,-53.46,36.63,36.63,79,0,10.83,UY,1594702264
Brody,50.09,25.15,53.33,53.33,91,2,5.82,UA,1594702411
Hobart,-42.88,147.33,50.58,51.01,76,75,5.82,AU,1594702289
Flinders,-34.58,150.86,57.58,57.99,80,85,10.0,AU,1594702405
Tomatlán,19.93,-105.25,77.16,77.16,84,96,1.7,MX,1594702412
Fare,-16.7,-151.02,80.82,80.82,78,97,12.57,PF,1594702412
Vytegra,61.01,36.45,59.04,59.04,85,84,5.59,RU,1594702412
Tuktoyaktuk,69.45,-133.04,62.6,62.6,55,20,10.29,CA,1594702413
Abu Samrah,35.3,37.18,79.29,79.29,51,0,7.72,SY,1594702413
Sarāhan,31.52,77.8,73.87,73.87,48,0,6.71,IN,1594702414
Morgan City,29.7,-91.21,77.9,84.2,94,1,6.58,US,1594702415
Esperance,-33.87,121.9,51.8,51.8,87,75,17.22,AU,1594702415
Lebu,-37.62,-73.65,47.17,47.17,77,1,2.84,CL,1594702415
Upernavik,72.79,-56.15,39.88,39.88,89,100,21.52,GL,1594702416
Terrace Bay,48.78,-87.1,54.01,54.01,79,64,8.43,CA,1594702416
Zhigansk,66.77,123.37,72.45,72.45,44,7,5.95,RU,1594702417
Cayenne,4.93,-52.33,77.0,77.0,100,1,6.67,GF,1594702417
Tres Arroyos,-38.37,-60.28,34.63,34.63,81,0,11.34,AR,1594702417
Oranjemund,-28.55,16.43,51.57,51.57,78,5,5.3,NA,1594702418
Mahébourg,-20.41,57.7,68.0,68.0,94,40,4.7,MU,1594702418
Talnakh,69.49,88.4,53.6,53.6,93,75,15.66,RU,1594702419
Kuril'sk,45.23,147.88,53.98,53.98,82,93,1.79,RU,1594702419
Lara,-38.02,144.4,53.91,55.4,71,40,12.75,AU,1594702132
Broken Hill,-31.95,141.43,59.0,59.0,51,0,13.87,AU,1594702420
Cabo San Lucas,22.89,-109.91,85.68,87.01,53,25,4.0,MX,1594702272
Torbay,47.67,-52.73,64.09,64.4,93,75,13.87,CA,1594702421
Ilulissat,69.22,-51.1,42.8,42.8,87,100,8.05,GL,1594702421
Bredasdorp,-34.53,20.04,46.4,46.4,87,99,11.41,ZA,1594702422
Havre-St-Pierre,50.23,-63.6,55.4,55.4,71,90,11.41,CA,1594702422
Olafsvik,64.89,-23.71,51.58,51.58,84,100,3.42,IS,1594702423
Nago,26.59,127.98,88.68,89.6,75,75,12.75,JP,1594702423
Kyaka,-1.25,31.42,64.4,64.4,88,75,9.17,TZ,1594702424
Union,40.63,-74.27,74.41,78.8,47,20,10.29,US,1594702261
Vanavara,60.34,102.28,82.31,82.31,38,46,4.99,RU,1594702425
Buraidah,26.33,43.98,91.4,91.4,36,0,18.34,SA,1594702425
Butaritari,3.07,172.79,81.03,81.03,78,97,12.19,KI,1594702426
Souillac,-20.52,57.52,68.0,68.0,94,40,4.7,MU,1594702426
Belaya Kholunitsa,58.84,50.85,72.57,72.57,83,96,10.51,RU,1594702427
Raja,8.46,25.68,71.17,71.17,88,94,6.33,SS,1594702427
Kaeo,-35.1,173.78,61.0,61.0,3,89,5.99,NZ,1594702428
Babol,36.55,52.68,80.6,80.6,78,40,2.24,IR,1594702360
Binabalian Ricor,16.42,119.93,83.01,83.01,72,83,6.11,PH,1594702429
Enid,36.4,-97.88,79.09,80.6,100,75,13.87,US,1594702429
Cascais,38.7,-9.42,70.03,71.01,55,0,11.99,PT,1594702430
Mingshui,36.72,117.5,90.5,91.0,49,62,4.56,CN,1594702430
Kavieng,-2.57,150.8,84.42,84.42,68,84,7.76,PG,1594702430
Isangel,-19.55,169.27,82.4,82.4,58,75,8.05,VU,1594702431
Bandarbeyla,9.49,50.81,83.52,83.52,55,97,28.25,SO,1594702431
Peregu Mare,46.23,20.9,55.2,55.4,76,0,4.7,RO,1594702432
Noumea,-22.28,166.46,75.07,75.2,60,90,10.29,NC,1594702139
Avarua,-21.21,-159.78,68.0,68.0,64,100,6.93,CK,1594702432
Pevek,69.7,170.31,44.71,44.71,69,7,5.1,RU,1594702433
Isiolo,0.35,37.58,69.03,69.03,54,70,8.9,KE,1594702433
Zhangjiakou,40.81,114.88,82.04,82.04,40,12,8.3,CN,1594702434
George Town,5.41,100.34,86.0,86.0,79,20,4.7,MY,1594702434
Mbandaka,0.05,18.26,69.73,69.73,95,92,2.98,CD,1594702435
Moussoro,13.64,16.49,84.97,84.97,50,1,14.2,TD,1594702435
Tegul'det,57.31,88.17,78.03,78.03,51,22,6.71,RU,1594702436
Zhirnovsk,50.98,44.77,84.51,84.51,36,32,15.64,RU,1594702436
East London,-33.02,27.91,55.4,55.4,46,0,14.99,ZA,1594702436
Kangāvar,34.5,47.97,71.6,71.6,43,0,6.93,IR,1594702437
Quelimane,-17.88,36.89,68.0,68.0,77,0,3.36,MZ,1594702437
Pachino,36.72,15.09,71.01,71.01,83,0,4.41,IT,1594702438
Lakselv,70.05,24.97,46.4,46.4,87,90,11.41,NO,1594702438
Tondano,1.3,124.91,89.6,89.6,66,40,3.36,ID,1594702438
Morondava,-20.28,44.28,66.02,66.02,69,0,3.87,MG,1594702439
Batemans Bay,-35.72,150.18,57.99,57.99,72,87,3.0,AU,1594702439
Lincoln,40.8,-96.67,77.18,78.8,65,1,12.75,US,1594702440
San Carlos,9.66,-68.58,73.26,73.26,92,69,2.28,VE,1594702440
São João da Barra,-21.64,-41.05,71.17,71.17,75,6,6.49,BR,1594702441
Aklavik,68.22,-135.01,66.2,66.2,45,20,4.7,CA,1594702441
Castro,-24.79,-50.01,58.87,58.87,95,18,4.05,BR,1594702442
Nizwá,22.93,57.53,94.3,94.3,36,0,4.63,OM,1594702442
Livramento,-3.03,-60.18,74.23,75.2,100,75,2.24,BR,1594702443
Derazhnya,49.27,27.43,54.05,54.05,85,0,11.36,UA,1594702443
Kabare,-2.47,28.82,61.9,61.9,70,100,1.21,CD,1594702443
Hobyo,5.35,48.53,80.17,80.17,69,55,22.68,SO,1594702444
Nishifukuma,33.77,130.47,76.06,77.0,78,75,11.41,JP,1594702258
Ahipara,-35.17,173.17,59.0,59.0,79,81,7.38,NZ,1594702445
Salinas,36.68,-121.66,58.37,60.8,72,90,12.75,US,1594702445
Karlovac,45.49,15.55,53.01,53.01,90,90,2.28,HR,1594702446
Fukuechō,32.69,128.84,75.2,75.2,83,75,10.29,JP,1594702446
Sosnogorsk,63.6,53.88,64.54,64.54,51,93,8.08,RU,1594702447
Lingao,19.91,109.69,92.79,92.79,54,8,9.46,CN,1594702166
Aswān,24.09,32.91,85.77,85.77,19,2,6.22,EG,1594702448
Westport,41.14,-73.36,72.3,75.2,64,1,4.7,US,1594702443
Tessalit,20.2,1.01,89.42,89.42,21,1,13.02,ML,1594702449
Xining,36.62,101.77,75.61,75.61,38,0,3.02,CN,1594702443
Mossamedes,-15.2,12.15,61.0,61.0,80,0,0.69,AO,1594702450
Faanui,-16.48,-151.75,79.32,79.32,82,54,12.26,PF,1594702450
Pangnirtung,66.15,-65.71,51.78,51.78,55,100,4.32,CA,1594702451
Longyearbyen,78.22,15.64,46.4,46.4,75,75,4.7,SJ,1594702451
Buchanan,5.88,-10.05,74.44,74.44,91,100,11.77,LR,1594702452
Thompson,55.74,-97.86,60.8,60.8,93,75,2.24,CA,1594702452
Mount Isa,-20.73,139.5,69.8,69.8,19,59,10.29,AU,1594702453
Ostrovnoy,68.05,39.51,50.54,50.54,70,49,6.73,RU,1594702453
Alyangula,-13.85,136.42,78.8,78.8,50,90,8.05,AU,1594702454
Half Moon Bay,37.46,-122.43,56.84,60.8,87,90,4.7,US,1594702454
Saldanha,-33.01,17.94,50.0,50.0,66,82,9.17,ZA,1594702455
Cedar City,37.68,-113.06,80.6,80.6,15,1,11.41,US,1594702284
Sept-Îles,50.2,-66.38,58.8,60.01,87,75,6.42,CA,1594702456
Nuuk,64.18,-51.72,39.2,39.2,93,89,2.24,GL,1594702456
Yar-Sale,66.83,70.83,57.24,57.24,51,63,20.36,RU,1594702457
Kyaikkami,16.08,97.57,79.18,79.18,84,100,10.38,MM,1594702457
Roald,62.58,6.13,52.7,53.6,87,100,5.82,NO,1594702457
San Cristobal,7.77,-72.22,64.89,64.89,87,83,4.41,VE,1594702458
Beringovskiy,63.05,179.32,52.86,52.86,82,49,2.95,RU,1594702458
El Sauzal de Rodríguez,31.9,-116.68,70.0,70.0,86,8,1.01,MX,1594702459
Usogorsk,63.41,48.69,58.28,58.28,89,100,7.23,RU,1594702459
Camaná,-16.62,-72.71,60.85,60.85,72,0,7.52,PE,1594702459
Ambilobe,-13.2,49.05,72.95,72.95,59,53,2.86,MG,1594702460
Guerrero Negro,27.98,-114.06,70.36,70.36,75,0,14.7,MX,1594702460
Ribeira Grande,38.52,-28.7,68.58,68.58,78,21,7.16,PT,1594702460
Ixtapa,20.7,-105.2,84.2,84.2,79,75,1.9,MX,1594702461
Coahuayana Viejo,18.73,-103.68,77.83,77.83,81,78,2.55,MX,1594702461
Kayerkan,69.35,87.76,53.6,53.6,93,75,15.66,RU,1594702462
Falam,22.92,93.68,64.17,64.17,100,100,0.56,MM,1594702462
Tonantins,-2.87,-67.8,71.6,71.6,96,29,1.23,BR,1594702463
Saint George,37.1,-113.58,98.6,98.6,12,1,9.17,US,1594702463
San Jose,37.34,-121.89,62.55,64.0,72,1,6.93,US,1594702414
Saint Anthony,45.02,-93.22,78.06,79.0,61,1,14.99,US,1594702464
Tombouctou,20.0,-3.0,94.42,94.42,23,42,11.95,ML,1594702446
Port-Cartier,50.03,-66.87,58.68,60.01,87,75,6.11,CA,1594702465
Konëvo,62.12,39.32,52.99,52.99,97,100,3.27,RU,1594702465
Melhus,63.29,10.28,51.94,53.01,76,100,1.01,NO,1594702466
Mar del Plata,-38.0,-57.56,38.91,41.0,60,40,13.87,AR,1594702466
Novobelokatay,55.71,58.95,79.66,79.66,62,26,4.47,RU,1594702466
Khorixas,-20.37,14.97,45.55,45.55,51,0,3.76,NA,1594702467
Aleksandrov Gay,50.15,48.57,97.47,97.47,17,54,22.03,RU,1594702468
Gamba,-2.65,10.0,70.83,70.83,89,100,3.31,GA,1594702446
Mayo,38.89,-76.51,73.63,77.0,69,90,6.93,US,1594702469
Salinópolis,-0.61,-47.36,78.15,78.15,85,22,10.33,BR,1594702469
Adrar,20.5,-10.07,89.96,89.96,28,0,12.1,MR,1594702469
Honningsvåg,70.98,25.97,48.2,48.2,76,40,1.12,NO,1594702470
Río Gallegos,-51.62,-69.22,33.8,33.8,96,90,11.41,AR,1594702470
Panguipulli,-39.63,-72.33,32.0,32.0,86,90,1.12,CL,1594702471
Jizan,17.33,42.67,91.4,91.4,55,4,3.36,SA,1594702471
Katsuura,35.13,140.3,78.17,79.0,94,75,14.99,JP,1594702472
Aktobe,50.28,57.21,87.51,87.51,30,0,11.88,KZ,1594702472
Yulara,-25.24,130.99,64.4,64.4,20,0,10.29,AU,1594702473
Nabire,-3.37,135.48,86.27,86.27,63,87,5.14,ID,1594702473
Garden City,42.33,-83.33,66.54,71.6,64,20,3.22,US,1594702473
Iqaluit,63.75,-68.51,51.39,51.8,66,20,9.17,CA,1594702474
Lloydminster,53.28,-110.0,55.4,55.4,82,75,17.22,CA,1594702474
Sakakah,29.97,40.21,84.2,84.2,25,0,4.7,SA,1594702475
Mezen',65.85,44.24,55.51,55.51,82,100,5.99,RU,1594702475
Deloraine,-41.53,146.67,54.0,55.0,66,0,1.01,AU,1594702476
Margate,51.38,1.39,61.5,64.0,62,100,10.11,GB,1594702476
Etne,59.66,5.93,54.36,55.99,99,99,3.0,NO,1594702477
Chipinge,-20.19,32.62,51.82,51.82,47,0,3.83,ZW,1594702478
Nassau,40.75,-73.58,77.02,79.0,54,75,4.7,US,1594702478
Lewisburg,35.45,-86.79,69.53,71.01,100,1,4.74,US,1594702478
Brae,60.4,-1.35,51.8,51.8,100,98,16.11,GB,1594702479
Lompoc,34.64,-120.46,55.98,57.2,87,90,5.82,US,1594702479
Saint-Pierre,-21.34,55.48,70.2,73.4,60,8,4.7,RE,1594702480
Lata,40.16,-8.33,64.9,68.0,80,40,3.06,PT,1594702480
Zyryanovsk,49.74,84.27,69.58,69.58,61,90,2.53,KZ,1594702480
Nakhon Si Thammarat,8.43,99.97,89.6,89.6,70,40,5.82,TH,1594702481
Bethel,41.37,-73.41,68.94,70.0,77,75,4.12,US,1594702481
Albion,42.24,-84.75,61.5,62.6,88,1,2.53,US,1594702482
Airai,-8.93,125.41,71.33,71.33,58,18,5.75,TL,1594702482
Spas-Demensk,54.41,34.02,56.88,56.88,85,100,10.56,RU,1594702483
Głubczyce,50.2,17.83,51.04,53.01,86,34,2.13,PL,1594702483
Ugoofaaru,5.67,73.0,84.33,84.33,69,44,4.25,MV,1594702484
Tolaga Bay,-38.37,178.3,53.6,53.6,92,99,7.96,NZ,1594702484
Atambua,-9.11,124.89,82.53,82.53,47,4,3.69,ID,1594702485
Alofi,-19.06,-169.92,73.4,73.4,60,35,16.11,NU,1594702485
Takoradze,4.88,-1.76,73.98,73.98,88,27,9.93,GH,1594702486
Bosobolo,4.18,19.9,69.39,69.39,97,100,1.19,CD,1594702487
Port Elizabeth,-33.92,25.57,48.2,48.2,87,40,33.33,ZA,1594702478
Mount Gambier,-37.83,140.77,57.2,57.2,67,40,11.41,AU,1594702474
Sabha,27.04,14.43,71.13,71.13,51,0,10.65,LY,1594702488
Solnechnyy,50.72,136.63,78.19,78.19,42,11,6.67,RU,1594702488
Vostok,46.49,135.88,69.84,69.84,92,71,2.75,RU,1594702489
Kenai,60.55,-151.26,67.48,69.8,43,1,13.87,US,1594702387
Ketchikan,55.34,-131.65,57.9,59.0,87,90,13.87,US,1594702489
Usinsk,65.99,57.53,61.88,61.88,56,41,7.0,RU,1594702490
Poya,-21.35,165.15,74.62,74.62,66,100,2.1,NC,1594702490
Pleasanton,37.66,-121.87,58.89,60.8,77,1,13.87,US,1594702207
Romitan,39.93,64.38,87.8,87.8,43,0,4.7,UZ,1594702491
Acarí,-15.43,-74.62,60.89,60.89,61,20,1.52,PE,1594702491
Orodara,10.95,-4.93,69.62,69.62,100,97,2.3,BF,1594702492
Kaitangata,-46.28,169.85,46.99,46.99,68,82,4.0,NZ,1594702305
Qrendi,35.83,14.46,73.45,73.99,88,20,3.36,MT,1594702493
Porto Santo,33.07,-16.34,68.0,68.0,82,75,11.41,PT,1594702494
Tazovsky,67.47,78.7,45.27,45.27,85,100,20.09,RU,1594702494
Isāgarh,24.83,77.88,90.95,90.95,55,100,9.66,IN,1594702494
Pitsunda,43.16,40.34,66.11,66.2,93,75,4.47,GE,1594702495
Gien,47.69,2.63,54.36,57.0,69,73,4.65,FR,1594702495
Middle Island,40.88,-72.94,72.93,75.0,69,1,5.82,US,1594702447
Portland,45.52,-122.68,68.54,71.6,53,20,8.05,US,1594702470
Rosarito,32.33,-117.03,68.0,69.8,82,40,4.7,MX,1594702497
Karratha,-20.74,116.85,80.42,80.42,25,0,12.75,AU,1594702497
Pisco,-13.7,-76.22,59.43,60.01,93,90,3.36,PE,1594702498
The Valley,18.22,-63.06,83.05,84.2,74,20,9.17,AI,1594702241
Lorengau,-2.02,147.27,84.42,84.42,69,37,6.02,PG,1594702498
Aljezur,37.32,-8.8,78.48,79.0,62,0,8.1,PT,1594702499
Rørvik,64.86,11.24,50.0,50.0,87,37,2.24,NO,1594702500
Bathsheba,13.22,-59.52,82.4,82.4,78,40,13.87,BB,1594702500
Jos,9.92,8.9,64.53,64.53,97,100,9.08,NG,1594702500
Kasongo-Lunda,-6.47,16.82,65.48,65.48,76,40,0.78,CD,1594702501
Askiz,53.13,90.53,71.29,71.29,65,97,1.25,RU,1594702501
Comodoro Rivadavia,-45.87,-67.5,35.6,35.6,59,0,11.41,AR,1594702502
Kaputa,-8.47,29.66,64.76,64.76,64,1,3.65,ZM,1594702503
Plouzané,48.38,-4.62,60.8,60.8,93,90,4.7,FR,1594702504
Mattru,7.62,-11.83,73.18,73.18,96,100,3.18,SL,1594702505
Ancud,-41.87,-73.82,37.13,39.0,100,100,3.36,CL,1594702505
Miles City,46.41,-105.84,68.0,68.0,30,1,11.41,US,1594702421
Makakilo City,21.35,-158.09,82.92,84.2,54,1,6.93,US,1594702326
Lander,42.83,-108.73,65.64,68.0,34,1,3.44,US,1594702506
Grand Gaube,-20.01,57.66,73.99,73.99,75,0,5.01,MU,1594702507
Youghal,51.95,-7.85,52.23,53.01,87,75,5.82,IE,1594702507
Altamira,-3.2,-52.21,72.1,72.1,87,52,2.3,BR,1594702508
Tsumeb,-19.23,17.72,44.78,44.78,52,0,4.36,NA,1594702508
Hirara,24.8,125.28,91.72,93.2,63,40,18.34,JP,1594702509
Mīnāb,27.15,57.08,93.2,93.2,71,75,11.41,IR,1594702509
Jacqueville,5.21,-4.41,75.2,75.2,100,40,5.82,CI,1594702509
Ust'-Ishim,57.69,71.17,76.05,76.05,47,8,5.08,RU,1594702510
Derzhavīnsk,51.1,66.32,80.47,80.47,39,0,8.99,KZ,1594702510
Pacific Grove,36.62,-121.92,56.84,59.0,82,90,11.41,US,1594702511
Oeiras do Pará,-2.0,-49.85,72.79,72.79,97,39,2.77,BR,1594702241
Olinda,-8.01,-34.86,73.4,73.4,88,40,2.24,BR,1594702378
Methóni,36.82,21.7,74.39,77.0,88,40,4.52,GR,1594702512
Tarakan,3.3,117.63,81.93,81.93,75,100,3.4,ID,1594702504
Mahibadhoo,3.78,72.97,84.4,84.4,67,27,4.09,MV,1594702513
Narsaq,60.92,-46.05,48.2,48.2,81,100,4.7,GL,1594702513
Provideniya,64.38,-173.3,50.0,50.0,81,90,15.66,RU,1594702514
Hualmay,-11.1,-77.61,60.87,60.87,86,1,6.85,PE,1594702515
Purpe,64.48,76.69,60.01,60.01,62,57,19.22,RU,1594702515
Andra,62.51,65.89,65.97,65.97,43,1,5.1,RU,1594702515
Antofagasta,-23.65,-70.4,51.8,51.8,87,0,4.7,CL,1594702381
Qasigiannguit,68.82,-51.19,42.8,42.8,87,99,8.05,GL,1594702516
Kiruna,67.86,20.23,50.0,50.0,87,88,5.82,SE,1594702517
Clyde River,70.47,-68.59,42.8,42.8,87,75,7.38,CA,1594702517
Bindura,-17.3,31.33,48.4,48.4,72,0,2.44,ZW,1594702518
Kharp,66.8,65.81,54.63,54.63,61,95,12.93,RU,1594702519
Tiarei,-17.53,-149.33,75.2,75.2,94,75,5.82,PF,1594702519
Anadyr,64.75,177.48,51.35,51.8,87,75,8.95,RU,1594702520
Myitkyina,25.38,97.4,76.57,76.57,96,100,0.98,MM,1594702520
Nové Hrady,48.79,14.78,49.51,52.0,91,78,2.73,CZ,1594702520
High Rock,26.62,-78.28,84.36,84.36,75,100,12.41,BS,1594702521
Saskylakh,71.92,114.08,73.92,73.92,35,36,9.44,RU,1594702521
Port Moresby,-9.44,147.18,86.0,86.0,74,40,19.46,PG,1594702408
Ulaangom,49.98,92.07,57.78,57.78,82,100,16.62,MN,1594702522
Muborak,39.26,65.15,96.49,96.49,15,0,3.22,UZ,1594702522
Piripiri,-4.27,-41.78,71.1,71.1,85,58,1.79,BR,1594702523
Dunedin,-45.87,170.5,47.64,48.99,67,45,1.99,NZ,1594702360
Graaff-Reinet,-32.25,24.53,44.01,44.01,64,95,1.99,ZA,1594702524
Wanning,18.8,110.4,90.34,90.34,61,29,12.53,CN,1594702524
Indiaroba,-11.52,-37.51,69.35,69.35,95,30,2.19,BR,1594702525
Waitati,-45.75,170.57,46.94,48.0,72,8,8.01,NZ,1594702525
Udachny,66.42,112.4,77.0,77.0,38,10,4.47,RU,1594702525
College,64.86,-147.8,63.55,66.2,59,75,5.82,US,1594702526
Kresttsy,58.25,32.52,57.18,57.18,83,64,4.81,RU,1594702526
Pringsewu,-5.36,104.97,87.39,87.39,59,100,3.02,ID,1594702527
Kumul,42.8,93.45,87.22,87.22,19,37,5.88,CN,1594702527
Jiangyou,31.77,104.72,75.54,75.54,88,100,5.48,CN,1594702527
Caetité,-14.07,-42.48,61.84,61.84,88,100,6.26,BR,1594702528
Great Falls,47.5,-111.3,57.94,60.8,43,1,6.93,US,1594702438
Bairiki Village,1.33,172.98,86.0,86.0,66,75,5.82,KI,1594702529
Paamiut,61.99,-49.67,41.34,41.34,91,0,10.0,GL,1594702529
Todos Santos,23.45,-110.22,80.49,81.0,74,4,2.08,MX,1594702530
La Unión,-5.4,-80.75,65.46,65.46,79,67,11.59,PE,1594702530
Shar'ya,58.37,45.51,71.96,71.96,85,40,3.69,RU,1594702530
Rocha,-34.48,-54.33,38.03,38.03,74,0,11.63,UY,1594702531
Namatanai,-3.67,152.43,83.95,83.95,70,100,7.65,PG,1594702531
Lázaro Cárdenas,17.96,-102.2,79.11,79.11,79,16,2.73,MX,1594702532
Palauig,15.44,119.9,85.59,85.59,67,57,6.06,PH,1594702532
Øksfjord,70.24,22.35,54.25,55.4,66,15,2.24,NO,1594702532
Vestmanna,62.16,-7.17,48.2,48.2,100,82,6.93,FO,1594702533
Saurimo,-9.66,20.39,58.98,58.98,41,30,6.69,AO,1594702533
Itarema,-2.92,-39.92,75.16,75.16,81,36,12.3,BR,1594702534
Mountain Home,43.13,-115.69,75.2,75.2,13,1,11.41,US,1594702503
Fergus Falls,46.28,-96.08,69.26,69.8,77,1,3.36,US,1594702534
Xichang,27.9,102.26,79.2,79.2,61,100,5.37,CN,1594702243
Moses Lake,47.13,-119.28,71.15,77.0,22,1,6.93,US,1594702535
Vila Velha,-20.33,-40.29,64.4,64.4,100,0,3.36,BR,1594702536
San Patricio,19.22,-104.7,79.07,79.07,79,73,1.99,MX,1594702536
Laguna,38.42,-121.42,72.3,77.0,49,1,6.93,US,1594702537
Balsas,-7.53,-46.04,75.54,75.54,57,89,2.21,BR,1594702484
Stromness,58.97,-3.3,53.24,53.6,93,96,16.11,GB,1594702537
Kavaratti,10.57,72.64,82.4,82.4,88,90,17.22,IN,1594702538
Yantzaza,-3.83,-78.76,64.78,64.78,84,91,0.76,EC,1594702538
Jalu,29.03,21.55,74.91,74.91,47,0,8.81,LY,1594702539
Rio Grande,-32.03,-52.1,42.01,42.01,71,0,14.43,BR,1594702539
Zapolyarnyy,69.42,30.81,48.2,48.2,81,75,6.93,RU,1594702539
Kaya,13.09,-1.08,76.69,76.69,72,95,10.83,BF,1594702540
Carnarvon,-24.87,113.63,73.4,73.4,64,75,12.75,AU,1594702540
Port Hardy,50.7,-127.42,57.2,57.2,82,20,8.05,CA,1594702541
Caucayá,-0.19,-74.78,70.59,70.59,97,34,1.48,CO,1594702541
Guía de Isora,28.21,-16.78,69.26,73.0,77,20,3.36,ES,1594702541
Jennings,38.72,-90.26,75.31,78.01,57,1,8.05,US,1594702542
Malé,4.17,73.51,87.8,87.8,84,75,6.93,MV,1594702542
Pilar,-9.6,-35.96,71.6,71.6,94,75,5.82,BR,1594702543
Healdsburg,38.61,-122.87,58.6,62.01,76,1,6.93,US,1594702502
Waddān,29.16,16.14,68.77,68.77,83,0,1.48,LY,1594702544
Maniitsoq,65.42,-52.9,43.12,43.12,85,14,16.28,GL,1594702544
Basco,20.45,121.97,84.6,84.6,77,84,17.09,PH,1594702544
Da Lat,11.95,108.44,73.2,73.2,87,64,1.01,VN,1594702379
Tilichiki,60.47,166.1,54.43,54.43,84,63,8.75,RU,1594702545
Aksu,41.12,80.26,79.38,79.38,35,100,5.03,CN,1594702546
Maksi,23.27,76.15,85.51,85.51,68,99,11.32,IN,1594702546
Trofors,65.53,13.41,48.09,48.2,87,40,2.24,NO,1594702547
Alice Springs,-23.7,133.88,59.0,59.0,33,0,12.75,AU,1594702421
Māgadi,12.97,77.23,80.47,82.99,78,75,9.17,IN,1594702547
Poum,-20.23,164.02,74.19,74.19,77,69,14.5,NC,1594702548
Gillette,44.29,-105.5,53.22,53.6,93,90,10.29,US,1594702421
Vijāpur,23.57,72.75,86.0,86.0,84,90,9.6,IN,1594702549
Ormara,25.21,64.64,85.35,85.35,74,49,10.51,PK,1594702549
Verkhnevilyuysk,63.45,120.32,83.71,83.71,37,15,2.17,RU,1594702550
Coaldale,49.72,-112.62,55.4,55.4,54,40,3.36,CA,1594702550
Ishigaki,24.34,124.16,93.2,93.2,71,75,16.11,JP,1594702551
Camacha,33.08,-16.33,68.0,68.0,82,75,11.41,PT,1594702551
Bahía Blanca,-38.72,-62.27,36.27,36.27,74,20,7.58,AR,1594702551
Wuning,29.26,120.23,89.76,89.76,71,83,0.85,CN,1594702552
Deputatsky,69.3,139.9,51.73,51.73,97,100,6.31,RU,1594702553
Alta Floresta,-9.88,-56.09,71.19,71.19,55,6,2.35,BR,1594702553
Sisimiut,66.94,-53.67,42.08,42.08,87,78,8.75,GL,1594702554
Tabas,33.6,56.92,93.2,93.2,18,64,4.7,IR,1594702554
Senneterre,48.38,-77.23,62.6,62.6,82,1,4.7,CA,1594702554
Nelson Bay,-32.72,152.15,58.21,59.0,93,75,24.16,AU,1594702555
Terra Rica,-22.71,-52.62,68.74,68.74,76,12,3.6,BR,1594702324
Simpang,-1.27,104.08,74.28,74.28,97,100,4.54,ID,1594702556
Haines Junction,60.75,-137.51,55.18,55.18,56,100,4.5,CA,1594702556
Nayoro,44.35,142.46,75.09,75.09,53,4,7.99,JP,1594702556
Innisfail,-17.53,146.03,72.0,72.0,36,96,3.0,AU,1594702557
Quang Ngai,15.12,108.8,94.23,94.23,45,15,8.46,VN,1594702557
Marzuq,14.4,46.47,81.27,81.27,54,55,4.97,YE,1594702558
Hawick,55.42,-2.79,52.65,54.0,82,12,1.99,GB,1594702558
Sterlibashevo,53.44,55.26,76.77,76.77,69,39,10.0,RU,1594702558
Mopti,14.67,-4.0,79.0,79.0,74,100,22.1,ML,1594702559
Bagan,54.1,77.66,76.98,76.98,65,34,7.96,RU,1594702559
Mkwanga,-7.12,39.21,68.0,68.0,100,20,3.36,TZ,1594702560
Santa Vitória do Palmar,-33.52,-53.37,37.56,37.56,76,0,11.32,BR,1594702561
Carutapera,-1.2,-46.02,74.23,74.23,94,26,4.92,BR,1594702561
Kushmurun,52.45,64.63,80.73,80.73,45,0,5.73,KZ,1594702562
Yangi Marg`ilon,40.43,71.72,84.2,84.2,30,49,6.93,UZ,1594702562
Nouadhibou,20.93,-17.03,68.0,68.0,94,75,19.46,MR,1594702562
Lubumbashi,-11.66,27.48,50.77,50.77,80,0,2.73,CD,1594702466
Puerto Cabezas,14.04,-83.39,78.21,78.21,90,74,8.21,NI,1594702563
Liverpool,53.41,-2.98,56.26,57.2,71,97,8.05,GB,1594702564
Kampot,10.62,104.18,86.0,86.0,66,40,2.24,KH,1594702564
La Asuncion,11.03,-63.86,82.4,82.4,83,100,12.75,VE,1594702564
Vallenar,-28.57,-70.76,56.61,56.61,61,0,0.49,CL,1594702565
Najrān,17.49,44.13,84.2,84.2,26,50,2.24,SA,1594702565
Jackson,42.42,-122.83,77.0,77.0,22,1,8.05,US,1594702340
Sabang,5.89,95.32,82.42,82.42,74,84,0.87,ID,1594702566
Quatre Cocos,-20.21,57.76,71.17,73.99,94,40,4.7,MU,1594702566
Le Moule,16.33,-61.35,78.8,78.8,88,75,2.24,GP,1594702567
Knyaze-Volkonskoye,48.46,135.46,78.8,78.8,57,40,11.18,RU,1594702568
Petukhovo,55.07,67.9,81.45,81.45,59,1,2.26,RU,1594702568
São Félix do Xingu,-6.64,-51.99,69.12,69.12,57,43,0.43,BR,1594702569
Waingapu,-9.66,120.26,82.74,82.74,63,33,18.59,ID,1594702569
Ribeirão Bonito,-22.07,-48.18,68.29,68.29,69,66,0.87,BR,1594702570
Srednekolymsk,67.45,153.68,71.47,71.47,31,86,11.1,RU,1594702570
Encrucijada,22.62,-79.87,77.38,77.38,83,100,3.49,CU,1594702571
Fortuna,40.6,-124.16,53.1,55.0,93,1,5.82,US,1594702571
Kiryat Gat,31.61,34.76,75.09,77.0,69,0,4.32,IL,1594702572
Mazyr,52.05,29.25,55.76,55.76,79,0,10.87,BY,1594702572
Tual,-5.67,132.75,79.14,79.14,84,60,22.12,ID,1594702573
Benjamín Aceval,-24.97,-57.57,57.2,57.2,67,68,8.05,PY,1594702573
Insar,53.87,44.37,75.27,75.27,67,37,9.86,RU,1594702574
Les Cayes,18.2,-73.75,80.74,80.74,83,68,4.54,HT,1594702574
Vestmannaeyjar,63.44,-20.27,51.69,51.69,89,100,12.12,IS,1594702575
Zanjān,36.67,48.48,64.4,64.4,72,75,2.24,IR,1594702575
Baykit,61.67,96.37,77.79,77.79,38,52,9.37,RU,1594702576
Eureka,40.8,-124.16,54.07,55.0,83,0,1.21,US,1594702576
Denpasar,-8.65,115.22,82.4,82.4,88,40,18.34,ID,1594702440
Beatrice,40.27,-96.75,74.86,77.0,69,1,6.93,US,1594702577
Kaohsiung City,22.62,120.31,90.39,91.4,59,75,11.41,TW,1594702578
Osoyoos,49.03,-119.45,60.35,66.2,48,20,3.36,CA,1594702578
Barra do Garças,-15.89,-52.26,71.26,71.26,55,9,0.69,BR,1594702578
Argelia,2.26,-77.25,64.71,64.71,77,96,0.4,CO,1594702579
Yerbogachën,61.28,108.01,78.3,78.3,44,91,4.65,RU,1594702580
Caniço,32.63,-16.85,64.58,68.0,82,20,6.93,PT,1594702581
Altea,38.6,-0.05,75.61,77.0,48,25,6.2,ES,1594702581
Lipin Bor,60.26,37.98,56.71,56.71,90,98,8.77,RU,1594702582
Vila Franca do Campo,37.72,-25.43,64.4,64.4,88,20,6.93,PT,1594702582
San Alberto,7.76,-73.39,76.39,76.39,70,71,3.36,CO,1594702583
Aksarka,66.56,67.8,58.91,58.91,52,29,19.73,RU,1594702583
Sivas Province,39.79,37.0,53.6,53.6,76,0,2.24,TR,1594702583
Sittwe,20.15,92.9,80.53,80.53,88,100,18.01,MM,1594702584
Belokurikha,52.0,84.99,68.22,68.22,85,100,6.17,RU,1594702584
Pandan,14.05,124.17,85.46,85.46,75,39,4.52,PH,1594702585
Constitución,-35.33,-72.42,51.53,51.53,76,60,5.99,CL,1594702585
Naze,28.37,129.48,87.84,89.6,75,75,13.87,JP,1594702586
Amuntai,-2.42,115.25,94.3,94.3,50,15,1.03,ID,1594702586
Martapura,-3.42,114.85,87.8,87.8,62,40,12.75,ID,1594702586
Sitka,57.05,-135.33,55.4,55.4,82,90,6.93,US,1594702587
Kelso,46.15,-122.91,62.11,66.2,63,1,8.05,US,1594702587
Arrondissement de Rochefort,45.92,-1.0,56.5,59.0,82,79,3.36,FR,1594702588
Chaman,30.92,66.45,90.84,90.84,18,0,13.65,PK,1594702588
Tonekābon,36.82,50.87,80.6,80.6,74,40,2.24,IR,1594702588
Yerofey Pavlovich,53.97,121.97,92.98,92.98,26,98,5.37,RU,1594702589
Biak,-0.91,122.88,81.18,81.18,76,64,2.55,ID,1594702589
Roseburg,43.22,-123.34,69.76,78.8,27,1,8.05,US,1594702590
‘Āhuimanu,21.44,-157.84,80.69,84.2,61,1,11.41,US,1594702590
Krasnooktyabrskiy,44.93,38.37,76.46,78.01,82,1,3.0,RU,1594702590
Cockburn Town,21.46,-71.14,82.81,82.81,84,40,19.62,TC,1594702489
Kuusamo,65.97,29.18,51.8,51.8,93,90,9.17,FI,1594702591
Jasper,37.2,-94.35,73.6,75.0,78,1,5.82,US,1594702550
Marfino,55.7,37.38,61.56,63.0,87,90,8.95,RU,1594702593
Sturgeon Bay,44.83,-87.38,64.38,66.2,82,1,6.93,US,1594702593
Suntar,62.14,117.63,81.09,81.09,40,17,4.25,RU,1594702594
Bloomingdale,27.89,-82.24,80.96,84.0,100,1,5.32,US,1594702328
Labuhan,-6.88,112.21,85.15,85.15,66,12,7.11,ID,1594702595
Bongouanou,6.65,-4.2,68.77,68.77,99,100,3.06,CI,1594702595
Santa Rosa,14.31,121.11,91.24,91.99,62,20,9.17,PH,1594702595
Independence,39.09,-94.42,78.15,80.6,57,1,10.29,US,1594702596
Cochrane,51.18,-114.47,50.95,55.0,57,1,10.29,CA,1594702449
Turki,51.99,43.27,77.25,77.25,53,3,12.59,RU,1594702597
Kondinskoye,59.65,67.41,73.04,73.04,53,86,3.44,RU,1594702597
Cairns,-16.92,145.77,75.2,75.2,44,79,13.87,AU,1594702351
Flin Flon,54.77,-101.86,58.19,58.19,75,90,10.4,CA,1594702598
Plettenberg Bay,-34.05,23.37,50.09,50.09,78,96,20.11,ZA,1594702598
Keelung,25.13,121.74,96.75,98.6,56,40,11.41,TW,1594702599
Manicoré,-5.81,-61.3,75.2,75.2,94,0,2.24,BR,1594702599
Barinas,8.62,-70.21,72.5,72.5,89,97,3.29,VE,1594702377
Kedrovyy,56.17,91.82,68.0,68.0,88,40,6.71,RU,1594702600
Cape Coast,5.11,-1.25,74.7,74.7,87,57,11.54,GH,1594702601
Conde,-7.26,-34.91,70.83,70.83,87,21,5.44,BR,1594702601
Kyshtovka,56.55,76.63,72.63,72.63,63,9,11.68,RU,1594702601
Mareeba,-17.0,145.43,75.33,78.01,44,81,13.87,AU,1594702602
Temerloh,3.45,102.42,88.03,88.03,56,100,2.8,MY,1594702602
Luanda,-8.84,13.23,66.58,66.58,89,50,6.8,AO,1594702603
Cam Ranh,11.92,109.16,89.6,89.6,66,20,12.75,VN,1594702604
Dicabisagan,17.08,122.42,87.6,87.6,69,56,15.7,PH,1594702604
Diapaga,12.07,1.79,74.5,74.5,87,90,12.33,BF,1594702604
Kambove,-10.88,26.6,51.44,51.44,73,3,4.21,CD,1594702605
Champerico,14.3,-91.92,81.1,81.1,76,100,4.74,GT,1594702605
Sehore,23.2,77.08,84.2,84.2,79,40,11.41,IN,1594702606
Umluj,25.02,37.27,85.28,85.28,51,0,2.91,SA,1594702606
